svara,index,plot_path
ma,0,data/analysis/bhairaviTransposedIndex/plots/ma/ga_0_pa.png
ma,1,data/analysis/bhairaviTransposedIndex/plots/ma/pa_1_ga.png
ma,2,data/analysis/bhairaviTransposedIndex/plots/ma/ga_2_pa.png
ma,3,data/analysis/bhairaviTransposedIndex/plots/ma/pa_3_ga.png
ma,4,data/analysis/bhairaviTransposedIndex/plots/ma/ga_4_pa.png
ma,5,data/analysis/bhairaviTransposedIndex/plots/ma/pa_5_ga.png
ma,6,data/analysis/bhairaviTransposedIndex/plots/ma/silence_6_pa.png
ma,7,data/analysis/bhairaviTransposedIndex/plots/ma/pa_7_ga.png
ma,8,data/analysis/bhairaviTransposedIndex/plots/ma/ga_8_pa.png
ma,9,data/analysis/bhairaviTransposedIndex/plots/ma/pa_9_ga.png
ma,10,data/analysis/bhairaviTransposedIndex/plots/ma/ga_10_pa.png
ma,11,data/analysis/bhairaviTransposedIndex/plots/ma/pa_11_ga.png
ma,12,data/analysis/bhairaviTransposedIndex/plots/ma/ga_12_pa.png
ma,13,data/analysis/bhairaviTransposedIndex/plots/ma/pa_13_ga.png
ma,14,data/analysis/bhairaviTransposedIndex/plots/ma/ga_14_ga.png
ma,15,data/analysis/bhairaviTransposedIndex/plots/ma/ga_15_pa.png
ma,16,data/analysis/bhairaviTransposedIndex/plots/ma/ga_16_pa.png
ma,17,data/analysis/bhairaviTransposedIndex/plots/ma/dha_17_ga.png
ma,18,data/analysis/bhairaviTransposedIndex/plots/ma/ga_18_ga.png
ma,19,data/analysis/bhairaviTransposedIndex/plots/ma/ga_19_pa.png
ma,20,data/analysis/bhairaviTransposedIndex/plots/ma/dha_20_ga.png
ma,21,data/analysis/bhairaviTransposedIndex/plots/ma/ga_21_ga.png
ma,22,data/analysis/bhairaviTransposedIndex/plots/ma/ga_22_pa.png
ma,23,data/analysis/bhairaviTransposedIndex/plots/ma/dha_23_ga.png
ma,24,data/analysis/bhairaviTransposedIndex/plots/ma/pa_24_ga.png
ma,25,data/analysis/bhairaviTransposedIndex/plots/ma/ga_25_ga.png
ma,26,data/analysis/bhairaviTransposedIndex/plots/ma/dha_26_ga.png
ma,27,data/analysis/bhairaviTransposedIndex/plots/ma/ga_27_ga.png
ma,28,data/analysis/bhairaviTransposedIndex/plots/ma/ga_28_pa.png
ma,29,data/analysis/bhairaviTransposedIndex/plots/ma/dha_29_ga.png
ma,30,data/analysis/bhairaviTransposedIndex/plots/ma/pa_30_ga.png
ma,31,data/analysis/bhairaviTransposedIndex/plots/ma/pa_31_ga.png
ma,32,data/analysis/bhairaviTransposedIndex/plots/ma/silence_32_pa.png
ma,33,data/analysis/bhairaviTransposedIndex/plots/ma/dha_33_pa.png
ma,34,data/analysis/bhairaviTransposedIndex/plots/ma/pa_34_ga.png
ma,35,data/analysis/bhairaviTransposedIndex/plots/ma/silence_35_pa.png
ma,36,data/analysis/bhairaviTransposedIndex/plots/ma/dha_36_pa.png
ma,37,data/analysis/bhairaviTransposedIndex/plots/ma/silence_37_pa.png
ma,38,data/analysis/bhairaviTransposedIndex/plots/ma/dha_38_pa.png
ma,39,data/analysis/bhairaviTransposedIndex/plots/ma/pa_39_ga.png
ma,40,data/analysis/bhairaviTransposedIndex/plots/ma/ga_40_pa.png
ma,41,data/analysis/bhairaviTransposedIndex/plots/ma/pa_41_ga.png
ma,42,data/analysis/bhairaviTransposedIndex/plots/ma/ga_42_pa.png
ma,43,data/analysis/bhairaviTransposedIndex/plots/ma/pa_43_ga.png
ma,44,data/analysis/bhairaviTransposedIndex/plots/ma/pa_44_ga.png
ma,45,data/analysis/bhairaviTransposedIndex/plots/ma/ga_45_pa.png
ma,46,data/analysis/bhairaviTransposedIndex/plots/ma/pa_46_ga.png
ma,47,data/analysis/bhairaviTransposedIndex/plots/ma/dha_47_pa.png
ma,48,data/analysis/bhairaviTransposedIndex/plots/ma/pa_48_ga.png
ma,49,data/analysis/bhairaviTransposedIndex/plots/ma/ga_49_pa.png
ma,50,data/analysis/bhairaviTransposedIndex/plots/ma/dha_50_pa.png
ma,51,data/analysis/bhairaviTransposedIndex/plots/ma/pa_51_ga.png
ma,52,data/analysis/bhairaviTransposedIndex/plots/ma/ga_52_pa.png
ma,53,data/analysis/bhairaviTransposedIndex/plots/ma/ga_53_pa.png
ma,54,data/analysis/bhairaviTransposedIndex/plots/ma/dha_54_pa.png
ma,55,data/analysis/bhairaviTransposedIndex/plots/ma/dha_55_pa.png
ma,56,data/analysis/bhairaviTransposedIndex/plots/ma/dha_56_pa.png
ma,57,data/analysis/bhairaviTransposedIndex/plots/ma/ga_57_pa.png
ma,58,data/analysis/bhairaviTransposedIndex/plots/ma/pa_58_ga.png
ma,59,data/analysis/bhairaviTransposedIndex/plots/ma/pa_59_ga.png
ma,60,data/analysis/bhairaviTransposedIndex/plots/ma/pa_60_ga.png
ma,61,data/analysis/bhairaviTransposedIndex/plots/ma/pa_61_ga.png
ma,62,data/analysis/bhairaviTransposedIndex/plots/ma/ga_62_ga.png
ma,63,data/analysis/bhairaviTransposedIndex/plots/ma/ga_63_ga.png
ma,64,data/analysis/bhairaviTransposedIndex/plots/ma/pa_64_ga.png
ma,65,data/analysis/bhairaviTransposedIndex/plots/ma/pa_65_ga.png
ma,66,data/analysis/bhairaviTransposedIndex/plots/ma/pa_66_ga.png
ma,67,data/analysis/bhairaviTransposedIndex/plots/ma/pa_67_ga.png
ma,68,data/analysis/bhairaviTransposedIndex/plots/ma/ga_68_pa.png
ma,69,data/analysis/bhairaviTransposedIndex/plots/ma/pa_69_ga.png
ma,70,data/analysis/bhairaviTransposedIndex/plots/ma/ga_70_pa.png
ma,71,data/analysis/bhairaviTransposedIndex/plots/ma/ga_71_ga.png
ma,72,data/analysis/bhairaviTransposedIndex/plots/ma/ga_72_ga.png
ma,73,data/analysis/bhairaviTransposedIndex/plots/ma/pa_73_ga.png
ma,74,data/analysis/bhairaviTransposedIndex/plots/ma/ga_74_ga.png
ma,75,data/analysis/bhairaviTransposedIndex/plots/ma/pa_75_ga.png
ma,76,data/analysis/bhairaviTransposedIndex/plots/ma/pa_76_ga.png
ma,77,data/analysis/bhairaviTransposedIndex/plots/ma/ga_77_pa.png
ma,78,data/analysis/bhairaviTransposedIndex/plots/ma/ga_78_ga.png
ma,79,data/analysis/bhairaviTransposedIndex/plots/ma/ga_79_ga.png
ma,80,data/analysis/bhairaviTransposedIndex/plots/ma/ga_80_ga.png
ma,81,data/analysis/bhairaviTransposedIndex/plots/ma/pa_81_ga.png
ma,82,data/analysis/bhairaviTransposedIndex/plots/ma/pa_82_ga.png
ma,83,data/analysis/bhairaviTransposedIndex/plots/ma/pa_83_ga.png
ma,84,data/analysis/bhairaviTransposedIndex/plots/ma/ga_84_pa.png
ma,85,data/analysis/bhairaviTransposedIndex/plots/ma/ga_85_ga.png
ma,86,data/analysis/bhairaviTransposedIndex/plots/ma/ga_86_ga.png
ma,87,data/analysis/bhairaviTransposedIndex/plots/ma/pa_87_ga.png
ma,88,data/analysis/bhairaviTransposedIndex/plots/ma/pa_88_ga.png
ma,89,data/analysis/bhairaviTransposedIndex/plots/ma/ga_89_pa.png
ma,90,data/analysis/bhairaviTransposedIndex/plots/ma/pa_90_ga.png
ma,91,data/analysis/bhairaviTransposedIndex/plots/ma/ga_91_pa.png
ma,92,data/analysis/bhairaviTransposedIndex/plots/ma/pa_92_ga.png
ma,93,data/analysis/bhairaviTransposedIndex/plots/ma/ga_93_ga.png
ma,94,data/analysis/bhairaviTransposedIndex/plots/ma/ga_94_ga.png
ma,95,data/analysis/bhairaviTransposedIndex/plots/ma/pa_95_ga.png
ma,96,data/analysis/bhairaviTransposedIndex/plots/ma/pa_96_ga.png
ma,97,data/analysis/bhairaviTransposedIndex/plots/ma/pa_97_ga.png
ma,98,data/analysis/bhairaviTransposedIndex/plots/ma/ga_98_pa.png
ma,99,data/analysis/bhairaviTransposedIndex/plots/ma/pa_99_ga.png
ma,100,data/analysis/bhairaviTransposedIndex/plots/ma/ga_100_ga.png
ma,101,data/analysis/bhairaviTransposedIndex/plots/ma/pa_101_ga.png
ma,102,data/analysis/bhairaviTransposedIndex/plots/ma/dha_102_pa.png
ma,103,data/analysis/bhairaviTransposedIndex/plots/ma/pa_103_ga.png
ma,104,data/analysis/bhairaviTransposedIndex/plots/ma/ga_104_pa.png
ma,105,data/analysis/bhairaviTransposedIndex/plots/ma/pa_105_ga.png
ma,106,data/analysis/bhairaviTransposedIndex/plots/ma/dha_106_pa.png
ma,107,data/analysis/bhairaviTransposedIndex/plots/ma/pa_107_ga.png
ma,108,data/analysis/bhairaviTransposedIndex/plots/ma/ga_108_pa.png
ma,109,data/analysis/bhairaviTransposedIndex/plots/ma/pa_109_pa.png
ma,110,data/analysis/bhairaviTransposedIndex/plots/ma/ga_110_ga_TRANSPOSED.png
ma,111,data/analysis/bhairaviTransposedIndex/plots/ma/dha_111_pa.png
ma,112,data/analysis/bhairaviTransposedIndex/plots/ma/ga_112_pa.png
ma,113,data/analysis/bhairaviTransposedIndex/plots/ma/pa_113_ga.png
ma,114,data/analysis/bhairaviTransposedIndex/plots/ma/ga_114_pa.png
ma,115,data/analysis/bhairaviTransposedIndex/plots/ma/pa_115_ga.png
ma,116,data/analysis/bhairaviTransposedIndex/plots/ma/ga_116_pa.png
ma,117,data/analysis/bhairaviTransposedIndex/plots/ma/dha_117_pa.png
ma,118,data/analysis/bhairaviTransposedIndex/plots/ma/pa_118_pa.png
ma,119,data/analysis/bhairaviTransposedIndex/plots/ma/ga_119_ga_TRANSPOSED.png
ma,120,data/analysis/bhairaviTransposedIndex/plots/ma/dha_120_pa.png
ma,121,data/analysis/bhairaviTransposedIndex/plots/ma/pa_121_ga.png
ma,122,data/analysis/bhairaviTransposedIndex/plots/ma/ga_122_ga_TRANSPOSED.png
ma,123,data/analysis/bhairaviTransposedIndex/plots/ma/pa_123_ga.png
ma,124,data/analysis/bhairaviTransposedIndex/plots/ma/dha_124_pa.png
ma,125,data/analysis/bhairaviTransposedIndex/plots/ma/dha_125_pa.png
ma,126,data/analysis/bhairaviTransposedIndex/plots/ma/ga_126_pa.png
ma,127,data/analysis/bhairaviTransposedIndex/plots/ma/ga_127_ga_TRANSPOSED.png
ma,128,data/analysis/bhairaviTransposedIndex/plots/ma/pa_128_ga.png
ma,129,data/analysis/bhairaviTransposedIndex/plots/ma/pa_129_ga.png
ma,130,data/analysis/bhairaviTransposedIndex/plots/ma/ga_130_pa.png
ma,131,data/analysis/bhairaviTransposedIndex/plots/ma/pa_131_ga.png
ma,132,data/analysis/bhairaviTransposedIndex/plots/ma/silence_132_pa.png
ma,133,data/analysis/bhairaviTransposedIndex/plots/ma/pa_133_ga.png
ma,134,data/analysis/bhairaviTransposedIndex/plots/ma/ga_134_pa.png
ma,135,data/analysis/bhairaviTransposedIndex/plots/ma/pa_135_ga.png
ri,0,data/analysis/bhairaviTransposedIndex/plots/ri/sa_0_ri.png
ri,1,data/analysis/bhairaviTransposedIndex/plots/ri/ri_1_sa.png
ri,2,data/analysis/bhairaviTransposedIndex/plots/ri/ga_2_ri.png
ri,3,data/analysis/bhairaviTransposedIndex/plots/ri/ri_3_sa.png
ri,4,data/analysis/bhairaviTransposedIndex/plots/ri/sa_4_ga.png
ri,5,data/analysis/bhairaviTransposedIndex/plots/ri/sa_5_ga.png
ri,6,data/analysis/bhairaviTransposedIndex/plots/ri/ga_6_silence.png
ri,7,data/analysis/bhairaviTransposedIndex/plots/ri/ga_7_silence.png
ri,8,data/analysis/bhairaviTransposedIndex/plots/ri/ga_8_silence.png
ri,9,data/analysis/bhairaviTransposedIndex/plots/ri/sa_9_sa.png
ri,10,data/analysis/bhairaviTransposedIndex/plots/ri/sa_10_ga.png
ri,11,data/analysis/bhairaviTransposedIndex/plots/ri/ga_11_silence.png
ri,12,data/analysis/bhairaviTransposedIndex/plots/ri/sa_12_ga.png
ri,13,data/analysis/bhairaviTransposedIndex/plots/ri/silence_13_sa.png
ri,14,data/analysis/bhairaviTransposedIndex/plots/ri/sa_14_sa.png
ri,15,data/analysis/bhairaviTransposedIndex/plots/ri/sa_15_ni.png
ri,16,data/analysis/bhairaviTransposedIndex/plots/ri/ni_16_sa_TRANSPOSED.png
ri,17,data/analysis/bhairaviTransposedIndex/plots/ri/sa_17_ri.png
ri,18,data/analysis/bhairaviTransposedIndex/plots/ri/ri_18_sa.png
ri,19,data/analysis/bhairaviTransposedIndex/plots/ri/sa_19_ni.png
ri,20,data/analysis/bhairaviTransposedIndex/plots/ri/ni_20_sa.png
ri,21,data/analysis/bhairaviTransposedIndex/plots/ri/sa_21_ri.png
ri,22,data/analysis/bhairaviTransposedIndex/plots/ri/ri_22_sa.png
ri,23,data/analysis/bhairaviTransposedIndex/plots/ri/ga_23_ga.png
ri,24,data/analysis/bhairaviTransposedIndex/plots/ri/ga_24_sa.png
ri,25,data/analysis/bhairaviTransposedIndex/plots/ri/sa_25_silence.png
ri,26,data/analysis/bhairaviTransposedIndex/plots/ri/ni_26_sa.png
ri,27,data/analysis/bhairaviTransposedIndex/plots/ri/ga_27_ri.png
ri,28,data/analysis/bhairaviTransposedIndex/plots/ri/ri_28_sa.png
ri,29,data/analysis/bhairaviTransposedIndex/plots/ri/ga_29_ga.png
ri,30,data/analysis/bhairaviTransposedIndex/plots/ri/ga_30_sa.png
ri,31,data/analysis/bhairaviTransposedIndex/plots/ri/ga_31_ri.png
ri,32,data/analysis/bhairaviTransposedIndex/plots/ri/ri_32_sa.png
ri,33,data/analysis/bhairaviTransposedIndex/plots/ri/sa_33_ni.png
ri,34,data/analysis/bhairaviTransposedIndex/plots/ri/sa_34_ga.png
ri,35,data/analysis/bhairaviTransposedIndex/plots/ri/ga_35_sa.png
ri,36,data/analysis/bhairaviTransposedIndex/plots/ri/sa_36_ni.png
ri,37,data/analysis/bhairaviTransposedIndex/plots/ri/sa_37_ga.png
ri,38,data/analysis/bhairaviTransposedIndex/plots/ri/sa_38_ni.png
ri,39,data/analysis/bhairaviTransposedIndex/plots/ri/sa_39_ga.png
ri,40,data/analysis/bhairaviTransposedIndex/plots/ri/ga_40_ga.png
ri,41,data/analysis/bhairaviTransposedIndex/plots/ri/ga_41_sa.png
ri,42,data/analysis/bhairaviTransposedIndex/plots/ri/sa_42_sa.png
ri,43,data/analysis/bhairaviTransposedIndex/plots/ri/sa_43_ni.png
ri,44,data/analysis/bhairaviTransposedIndex/plots/ri/sa_44_ga.png
ri,45,data/analysis/bhairaviTransposedIndex/plots/ri/ga_45_sa.png
ri,46,data/analysis/bhairaviTransposedIndex/plots/ri/sa_46_ni.png
ri,47,data/analysis/bhairaviTransposedIndex/plots/ri/sa_47_ga.png
ri,48,data/analysis/bhairaviTransposedIndex/plots/ri/ga_48_sa.png
ri,49,data/analysis/bhairaviTransposedIndex/plots/ri/ga_49_ga.png
ri,50,data/analysis/bhairaviTransposedIndex/plots/ri/ga_50_ga.png
ri,51,data/analysis/bhairaviTransposedIndex/plots/ri/ga_51_ga.png
ri,52,data/analysis/bhairaviTransposedIndex/plots/ri/ga_52_ga.png
ri,53,data/analysis/bhairaviTransposedIndex/plots/ri/ga_53_ga.png
ri,54,data/analysis/bhairaviTransposedIndex/plots/ri/ga_54_ga.png
ri,55,data/analysis/bhairaviTransposedIndex/plots/ri/sa_55_ga.png
ri,56,data/analysis/bhairaviTransposedIndex/plots/ri/sa_56_ni.png
ri,57,data/analysis/bhairaviTransposedIndex/plots/ri/sa_57_ni.png
ri,58,data/analysis/bhairaviTransposedIndex/plots/ri/sa_58_ga.png
ri,59,data/analysis/bhairaviTransposedIndex/plots/ri/ga_59_ga.png
ri,60,data/analysis/bhairaviTransposedIndex/plots/ri/ga_60_ga.png
ri,61,data/analysis/bhairaviTransposedIndex/plots/ri/ga_61_ga.png
ri,62,data/analysis/bhairaviTransposedIndex/plots/ri/sa_62_ni.png
ri,63,data/analysis/bhairaviTransposedIndex/plots/ri/sa_63_ni.png
ri,64,data/analysis/bhairaviTransposedIndex/plots/ri/ga_64_ri.png
ri,65,data/analysis/bhairaviTransposedIndex/plots/ri/ri_65_sa.png
ri,66,data/analysis/bhairaviTransposedIndex/plots/ri/ga_66_ga.png
ri,67,data/analysis/bhairaviTransposedIndex/plots/ri/ga_67_ga.png
ri,68,data/analysis/bhairaviTransposedIndex/plots/ri/ga_68_sa.png
ri,69,data/analysis/bhairaviTransposedIndex/plots/ri/ga_69_sa.png
ri,70,data/analysis/bhairaviTransposedIndex/plots/ri/ga_70_ga.png
ri,71,data/analysis/bhairaviTransposedIndex/plots/ri/ga_71_ni.png
ri,72,data/analysis/bhairaviTransposedIndex/plots/ri/ga_72_ga.png
ri,73,data/analysis/bhairaviTransposedIndex/plots/ri/ga_73_ga.png
ri,74,data/analysis/bhairaviTransposedIndex/plots/ri/ga_74_ni.png
ri,75,data/analysis/bhairaviTransposedIndex/plots/ri/ga_75_sa.png
ri,76,data/analysis/bhairaviTransposedIndex/plots/ri/ga_76_sa.png
ri,77,data/analysis/bhairaviTransposedIndex/plots/ri/ga_77_sa.png
ri,78,data/analysis/bhairaviTransposedIndex/plots/ri/ga_78_sa.png
ri,79,data/analysis/bhairaviTransposedIndex/plots/ri/ga_79_sa.png
ri,80,data/analysis/bhairaviTransposedIndex/plots/ri/ga_80_ga.png
ri,81,data/analysis/bhairaviTransposedIndex/plots/ri/ga_81_ga.png
ri,82,data/analysis/bhairaviTransposedIndex/plots/ri/silence_82_ni.png
ri,83,data/analysis/bhairaviTransposedIndex/plots/ri/ga_83_sa.png
ri,84,data/analysis/bhairaviTransposedIndex/plots/ri/ga_84_sa.png
ri,85,data/analysis/bhairaviTransposedIndex/plots/ri/silence_85_sa.png
ri,86,data/analysis/bhairaviTransposedIndex/plots/ri/ga_86_sa.png
ri,87,data/analysis/bhairaviTransposedIndex/plots/ri/ga_87_ga.png
ri,88,data/analysis/bhairaviTransposedIndex/plots/ri/ga_88_ni.png
ri,89,data/analysis/bhairaviTransposedIndex/plots/ri/sa_89_ga.png
ri,90,data/analysis/bhairaviTransposedIndex/plots/ri/ga_90_sa.png
ri,91,data/analysis/bhairaviTransposedIndex/plots/ri/ga_91_sa.png
ri,92,data/analysis/bhairaviTransposedIndex/plots/ri/ga_92_sa.png
ri,93,data/analysis/bhairaviTransposedIndex/plots/ri/ga_93_sa.png
ri,94,data/analysis/bhairaviTransposedIndex/plots/ri/ga_94_sa.png
ri,95,data/analysis/bhairaviTransposedIndex/plots/ri/ga_95_ga.png
ri,96,data/analysis/bhairaviTransposedIndex/plots/ri/sa_96_ni.png
ri,97,data/analysis/bhairaviTransposedIndex/plots/ri/ga_97_sa_TRANSPOSED.png
ri,98,data/analysis/bhairaviTransposedIndex/plots/ri/ga_98_ri.png
ri,99,data/analysis/bhairaviTransposedIndex/plots/ri/ga_99_ga.png
ri,100,data/analysis/bhairaviTransposedIndex/plots/ri/ga_100_ga.png
ri,102,data/analysis/bhairaviTransposedIndex/plots/ri/ni_102_sa.png
ri,103,data/analysis/bhairaviTransposedIndex/plots/ri/sa_103_ni_TRANSPOSED.png
ri,104,data/analysis/bhairaviTransposedIndex/plots/ri/ni_104_ni.png
ri,105,data/analysis/bhairaviTransposedIndex/plots/ri/sa_105_ni.png
ri,106,data/analysis/bhairaviTransposedIndex/plots/ri/ga_106_sa.png
ri,107,data/analysis/bhairaviTransposedIndex/plots/ri/sa_107_ga.png
ri,108,data/analysis/bhairaviTransposedIndex/plots/ri/ga_108_silence.png
ri,109,data/analysis/bhairaviTransposedIndex/plots/ri/ni_109_sa.png
ri,110,data/analysis/bhairaviTransposedIndex/plots/ri/sa_110_ni_TRANSPOSED.png
ri,111,data/analysis/bhairaviTransposedIndex/plots/ri/ga_111_sa.png
ri,112,data/analysis/bhairaviTransposedIndex/plots/ri/sa_112_ni.png
ri,113,data/analysis/bhairaviTransposedIndex/plots/ri/ga_113_sa.png
ri,114,data/analysis/bhairaviTransposedIndex/plots/ri/sa_114_ga.png
ri,115,data/analysis/bhairaviTransposedIndex/plots/ri/sa_115_ga.png
ri,116,data/analysis/bhairaviTransposedIndex/plots/ri/sa_116_ga.png
ri,117,data/analysis/bhairaviTransposedIndex/plots/ri/ga_117_ga.png
ri,118,data/analysis/bhairaviTransposedIndex/plots/ri/sa_118_ga_TRANSPOSED.png
ri,119,data/analysis/bhairaviTransposedIndex/plots/ri/ga_119_sa_TRANSPOSED.png
ri,120,data/analysis/bhairaviTransposedIndex/plots/ri/ga_120_ri.png
ri,121,data/analysis/bhairaviTransposedIndex/plots/ri/ni_121_sa.png
ri,122,data/analysis/bhairaviTransposedIndex/plots/ri/sa_122_ni_TRANSPOSED.png
ri,123,data/analysis/bhairaviTransposedIndex/plots/ri/ni_123_ni.png
ri,124,data/analysis/bhairaviTransposedIndex/plots/ri/ga_124_sa.png
ri,125,data/analysis/bhairaviTransposedIndex/plots/ri/sa_125_ga.png
ri,126,data/analysis/bhairaviTransposedIndex/plots/ri/sa_126_ga.png
ri,127,data/analysis/bhairaviTransposedIndex/plots/ri/sa_127_ga.png
ri,128,data/analysis/bhairaviTransposedIndex/plots/ri/ga_128_ga.png
ri,129,data/analysis/bhairaviTransposedIndex/plots/ri/sa_129_ga_TRANSPOSED.png
ri,130,data/analysis/bhairaviTransposedIndex/plots/ri/ga_130_sa_TRANSPOSED.png
ri,131,data/analysis/bhairaviTransposedIndex/plots/ri/ga_131_sa_TRANSPOSED.png
ri,132,data/analysis/bhairaviTransposedIndex/plots/ri/sa_132_sa.png
ri,133,data/analysis/bhairaviTransposedIndex/plots/ri/sa_133_sa_TRANSPOSED.png
ri,134,data/analysis/bhairaviTransposedIndex/plots/ri/sa_134_ni_TRANSPOSED.png
ri,135,data/analysis/bhairaviTransposedIndex/plots/ri/ga_135_sa_TRANSPOSED.png
ri,136,data/analysis/bhairaviTransposedIndex/plots/ri/sa_136_sa_TRANSPOSED.png
ri,137,data/analysis/bhairaviTransposedIndex/plots/ri/ga_137_sa.png
ri,138,data/analysis/bhairaviTransposedIndex/plots/ri/ga_138_ga_TRANSPOSED.png
ri,139,data/analysis/bhairaviTransposedIndex/plots/ri/ga_139_sa_TRANSPOSED.png
ri,140,data/analysis/bhairaviTransposedIndex/plots/ri/sa_140_ni_TRANSPOSED.png
ri,141,data/analysis/bhairaviTransposedIndex/plots/ri/ga_141_ri.png
ri,142,data/analysis/bhairaviTransposedIndex/plots/ri/ri_142_sa.png
ri,143,data/analysis/bhairaviTransposedIndex/plots/ri/sa_143_sa_TRANSPOSED.png
ri,144,data/analysis/bhairaviTransposedIndex/plots/ri/sa_144_ni_TRANSPOSED.png
ri,145,data/analysis/bhairaviTransposedIndex/plots/ri/ga_145_sa_TRANSPOSED.png
ri,146,data/analysis/bhairaviTransposedIndex/plots/ri/sa_146_sa_TRANSPOSED.png
ri,147,data/analysis/bhairaviTransposedIndex/plots/ri/sa_147_ni_TRANSPOSED.png
ri,148,data/analysis/bhairaviTransposedIndex/plots/ri/ga_148_sa_TRANSPOSED.png
ri,149,data/analysis/bhairaviTransposedIndex/plots/ri/sa_149_sa_TRANSPOSED.png
ri,150,data/analysis/bhairaviTransposedIndex/plots/ri/sa_150_ni_TRANSPOSED.png
ri,151,data/analysis/bhairaviTransposedIndex/plots/ri/ga_151_sa_TRANSPOSED.png
ri,152,data/analysis/bhairaviTransposedIndex/plots/ri/sa_152_sa_TRANSPOSED.png
ri,153,data/analysis/bhairaviTransposedIndex/plots/ri/ga_153_sa.png
ri,154,data/analysis/bhairaviTransposedIndex/plots/ri/ga_154_ga_TRANSPOSED.png
ri,155,data/analysis/bhairaviTransposedIndex/plots/ri/sa_155_ni_TRANSPOSED.png
ri,156,data/analysis/bhairaviTransposedIndex/plots/ri/ga_156_ri.png
ri,157,data/analysis/bhairaviTransposedIndex/plots/ri/ri_157_sa.png
ri,158,data/analysis/bhairaviTransposedIndex/plots/ri/sa_158_ga.png
ri,159,data/analysis/bhairaviTransposedIndex/plots/ri/sa_159_ga.png
ri,160,data/analysis/bhairaviTransposedIndex/plots/ri/ga_160_silence.png
ri,161,data/analysis/bhairaviTransposedIndex/plots/ri/sa_161_ga.png
ri,162,data/analysis/bhairaviTransposedIndex/plots/ri/sa_162_sa.png
sa,0,data/analysis/bhairaviTransposedIndex/plots/sa/ni_0_silence.png
sa,1,data/analysis/bhairaviTransposedIndex/plots/sa/ni_1_sa.png
sa,2,data/analysis/bhairaviTransposedIndex/plots/sa/sa_2_ri.png
sa,3,data/analysis/bhairaviTransposedIndex/plots/sa/ri_3_ni.png
sa,4,data/analysis/bhairaviTransposedIndex/plots/sa/ri_4_ni.png
sa,5,data/analysis/bhairaviTransposedIndex/plots/sa/ni_5_ri.png
sa,6,data/analysis/bhairaviTransposedIndex/plots/sa/ni_6_ri.png
sa,7,data/analysis/bhairaviTransposedIndex/plots/sa/ni_7_ni.png
sa,8,data/analysis/bhairaviTransposedIndex/plots/sa/ri_8_ri.png
sa,9,data/analysis/bhairaviTransposedIndex/plots/sa/ri_9_ni.png
sa,10,data/analysis/bhairaviTransposedIndex/plots/sa/ni_10_dha.png
sa,11,data/analysis/bhairaviTransposedIndex/plots/sa/ri_11_ri.png
sa,12,data/analysis/bhairaviTransposedIndex/plots/sa/ri_12_ni.png
sa,13,data/analysis/bhairaviTransposedIndex/plots/sa/ri_13_ni.png
sa,14,data/analysis/bhairaviTransposedIndex/plots/sa/ni_14_ri.png
sa,15,data/analysis/bhairaviTransposedIndex/plots/sa/ri_15_ni.png
sa,16,data/analysis/bhairaviTransposedIndex/plots/sa/silence_16_ri.png
sa,17,data/analysis/bhairaviTransposedIndex/plots/sa/ni_17_ri.png
sa,18,data/analysis/bhairaviTransposedIndex/plots/sa/ri_18_ni.png
sa,19,data/analysis/bhairaviTransposedIndex/plots/sa/ri_19_ni.png
sa,20,data/analysis/bhairaviTransposedIndex/plots/sa/ni_20_silence.png
sa,21,data/analysis/bhairaviTransposedIndex/plots/sa/ri_21_ri.png
sa,22,data/analysis/bhairaviTransposedIndex/plots/sa/ri_22_ni.png
sa,23,data/analysis/bhairaviTransposedIndex/plots/sa/ri_23_ni.png
sa,24,data/analysis/bhairaviTransposedIndex/plots/sa/ga_24_ni.png
sa,25,data/analysis/bhairaviTransposedIndex/plots/sa/ri_25_ri.png
sa,26,data/analysis/bhairaviTransposedIndex/plots/sa/ri_26_ni.png
sa,27,data/analysis/bhairaviTransposedIndex/plots/sa/ri_27_ri.png
sa,28,data/analysis/bhairaviTransposedIndex/plots/sa/ni_28_ri.png
sa,29,data/analysis/bhairaviTransposedIndex/plots/sa/ni_29_ni.png
sa,30,data/analysis/bhairaviTransposedIndex/plots/sa/ni_30_ni.png
sa,31,data/analysis/bhairaviTransposedIndex/plots/sa/ri_31_ri.png
sa,32,data/analysis/bhairaviTransposedIndex/plots/sa/ri_32_ni.png
sa,33,data/analysis/bhairaviTransposedIndex/plots/sa/ni_33_ri.png
sa,34,data/analysis/bhairaviTransposedIndex/plots/sa/ni_34_ni.png
sa,35,data/analysis/bhairaviTransposedIndex/plots/sa/ni_35_ri.png
sa,36,data/analysis/bhairaviTransposedIndex/plots/sa/ni_36_pa.png
sa,37,data/analysis/bhairaviTransposedIndex/plots/sa/pa_37_ni.png
sa,38,data/analysis/bhairaviTransposedIndex/plots/sa/ni_38_ri.png
sa,39,data/analysis/bhairaviTransposedIndex/plots/sa/pa_39_ni.png
sa,40,data/analysis/bhairaviTransposedIndex/plots/sa/ni_40_ri.png
sa,41,data/analysis/bhairaviTransposedIndex/plots/sa/ni_41_ri.png
sa,42,data/analysis/bhairaviTransposedIndex/plots/sa/ni_42_pa.png
sa,43,data/analysis/bhairaviTransposedIndex/plots/sa/pa_43_ni.png
sa,44,data/analysis/bhairaviTransposedIndex/plots/sa/ri_44_ni.png
sa,45,data/analysis/bhairaviTransposedIndex/plots/sa/ri_45_ni_TRANSPOSED.png
sa,46,data/analysis/bhairaviTransposedIndex/plots/sa/ni_46_ri_TRANSPOSED.png
sa,47,data/analysis/bhairaviTransposedIndex/plots/sa/ri_47_ni_TRANSPOSED.png
sa,48,data/analysis/bhairaviTransposedIndex/plots/sa/ri_48_ni_TRANSPOSED.png
sa,49,data/analysis/bhairaviTransposedIndex/plots/sa/ri_49_ni_TRANSPOSED.png
sa,50,data/analysis/bhairaviTransposedIndex/plots/sa/ga_50_ri.png
sa,51,data/analysis/bhairaviTransposedIndex/plots/sa/ri_51_ni_TRANSPOSED.png
sa,52,data/analysis/bhairaviTransposedIndex/plots/sa/ga_52_ri.png
sa,53,data/analysis/bhairaviTransposedIndex/plots/sa/ri_53_ni_TRANSPOSED.png
sa,54,data/analysis/bhairaviTransposedIndex/plots/sa/ri_54_ri_TRANSPOSED.png
sa,55,data/analysis/bhairaviTransposedIndex/plots/sa/pa_55_ni.png
sa,56,data/analysis/bhairaviTransposedIndex/plots/sa/ri_56_ri_TRANSPOSED.png
sa,57,data/analysis/bhairaviTransposedIndex/plots/sa/ri_57_ri.png
sa,58,data/analysis/bhairaviTransposedIndex/plots/sa/ni_58_pa.png
sa,59,data/analysis/bhairaviTransposedIndex/plots/sa/ri_59_ni_TRANSPOSED.png
sa,60,data/analysis/bhairaviTransposedIndex/plots/sa/ri_60_ni_TRANSPOSED.png
sa,61,data/analysis/bhairaviTransposedIndex/plots/sa/ri_61_ri_TRANSPOSED.png
sa,62,data/analysis/bhairaviTransposedIndex/plots/sa/ni_62_ri.png
sa,63,data/analysis/bhairaviTransposedIndex/plots/sa/pa_63_ri.png
sa,64,data/analysis/bhairaviTransposedIndex/plots/sa/ri_64_ni_TRANSPOSED.png
sa,65,data/analysis/bhairaviTransposedIndex/plots/sa/ri_65_ni_TRANSPOSED.png
sa,66,data/analysis/bhairaviTransposedIndex/plots/sa/ri_66_ri_TRANSPOSED.png
sa,67,data/analysis/bhairaviTransposedIndex/plots/sa/ri_67_ri_TRANSPOSED.png
sa,68,data/analysis/bhairaviTransposedIndex/plots/sa/ri_68_ri_TRANSPOSED.png
sa,69,data/analysis/bhairaviTransposedIndex/plots/sa/ri_69_ri_TRANSPOSED.png
sa,70,data/analysis/bhairaviTransposedIndex/plots/sa/ri_70_ni.png
sa,71,data/analysis/bhairaviTransposedIndex/plots/sa/ri_71_ri_TRANSPOSED.png
sa,72,data/analysis/bhairaviTransposedIndex/plots/sa/ri_72_ri_TRANSPOSED.png
sa,73,data/analysis/bhairaviTransposedIndex/plots/sa/sa_73_ga.png
sa,74,data/analysis/bhairaviTransposedIndex/plots/sa/ri_74_ri.png
sa,75,data/analysis/bhairaviTransposedIndex/plots/sa/ri_75_ri_TRANSPOSED.png
sa,76,data/analysis/bhairaviTransposedIndex/plots/sa/ni_76_ni.png
sa,77,data/analysis/bhairaviTransposedIndex/plots/sa/sa_77_sa.png
sa,78,data/analysis/bhairaviTransposedIndex/plots/sa/sa_78_silence_TRANSPOSED.png
sa,79,data/analysis/bhairaviTransposedIndex/plots/sa/ri_79_ri_TRANSPOSED.png
sa,80,data/analysis/bhairaviTransposedIndex/plots/sa/ri_80_ri_TRANSPOSED.png
sa,81,data/analysis/bhairaviTransposedIndex/plots/sa/ni_81_ga.png
sa,82,data/analysis/bhairaviTransposedIndex/plots/sa/ri_82_ri_TRANSPOSED.png
sa,83,data/analysis/bhairaviTransposedIndex/plots/sa/ri_83_ni_TRANSPOSED.png
sa,84,data/analysis/bhairaviTransposedIndex/plots/sa/ri_84_ni.png
sa,85,data/analysis/bhairaviTransposedIndex/plots/sa/ri_85_ni.png
sa,86,data/analysis/bhairaviTransposedIndex/plots/sa/ni_86_dha.png
sa,87,data/analysis/bhairaviTransposedIndex/plots/sa/ni_87_ni.png
sa,88,data/analysis/bhairaviTransposedIndex/plots/sa/ri_88_ri.png
sa,89,data/analysis/bhairaviTransposedIndex/plots/sa/ri_89_ni.png
ga,0,data/analysis/bhairaviTransposedIndex/plots/ga/silence_0_ri.png
ga,1,data/analysis/bhairaviTransposedIndex/plots/ga/ri_1_ma.png
ga,2,data/analysis/bhairaviTransposedIndex/plots/ga/ma_2_ri.png
ga,3,data/analysis/bhairaviTransposedIndex/plots/ga/ri_3_ma.png
ga,4,data/analysis/bhairaviTransposedIndex/plots/ga/ma_4_ri.png
ga,5,data/analysis/bhairaviTransposedIndex/plots/ga/ma_5_ri.png
ga,6,data/analysis/bhairaviTransposedIndex/plots/ga/ma_6_ri.png
ga,7,data/analysis/bhairaviTransposedIndex/plots/ga/ri_7_ma.png
ga,8,data/analysis/bhairaviTransposedIndex/plots/ga/ma_8_ri.png
ga,9,data/analysis/bhairaviTransposedIndex/plots/ga/ri_9_ma.png
ga,10,data/analysis/bhairaviTransposedIndex/plots/ga/ri_10_ri.png
ga,11,data/analysis/bhairaviTransposedIndex/plots/ga/ri_11_sa.png
ga,12,data/analysis/bhairaviTransposedIndex/plots/ga/ni_12_ri.png
ga,13,data/analysis/bhairaviTransposedIndex/plots/ga/ni_13_ri.png
ga,14,data/analysis/bhairaviTransposedIndex/plots/ga/ri_14_ri.png
ga,15,data/analysis/bhairaviTransposedIndex/plots/ga/ri_15_sa.png
ga,16,data/analysis/bhairaviTransposedIndex/plots/ga/ni_16_ri.png
ga,17,data/analysis/bhairaviTransposedIndex/plots/ga/ni_17_ri.png
ga,18,data/analysis/bhairaviTransposedIndex/plots/ga/silence_18_ma.png
ga,19,data/analysis/bhairaviTransposedIndex/plots/ga/ma_19_ri.png
ga,20,data/analysis/bhairaviTransposedIndex/plots/ga/ri_20_ma.png
ga,21,data/analysis/bhairaviTransposedIndex/plots/ga/pa_21_ri.png
ga,22,data/analysis/bhairaviTransposedIndex/plots/ga/ma_22_ri.png
ga,23,data/analysis/bhairaviTransposedIndex/plots/ga/pa_23_ri.png
ga,24,data/analysis/bhairaviTransposedIndex/plots/ga/ri_24_ma.png
ga,25,data/analysis/bhairaviTransposedIndex/plots/ga/ma_25_ri.png
ga,26,data/analysis/bhairaviTransposedIndex/plots/ga/sa_26_ma.png
ga,27,data/analysis/bhairaviTransposedIndex/plots/ga/ma_27_ri.png
ga,28,data/analysis/bhairaviTransposedIndex/plots/ga/ri_28_ma.png
ga,29,data/analysis/bhairaviTransposedIndex/plots/ga/ri_29_ma.png
ga,30,data/analysis/bhairaviTransposedIndex/plots/ga/ma_30_ri.png
ga,31,data/analysis/bhairaviTransposedIndex/plots/ga/ni_31_ri.png
ga,32,data/analysis/bhairaviTransposedIndex/plots/ga/ri_32_ma.png
ga,33,data/analysis/bhairaviTransposedIndex/plots/ga/ma_33_ri.png
ga,34,data/analysis/bhairaviTransposedIndex/plots/ga/silence_34_ma.png
ga,35,data/analysis/bhairaviTransposedIndex/plots/ga/ma_35_ri.png
ga,36,data/analysis/bhairaviTransposedIndex/plots/ga/pa_36_ri.png
ga,37,data/analysis/bhairaviTransposedIndex/plots/ga/ri_37_ma.png
ga,38,data/analysis/bhairaviTransposedIndex/plots/ga/ma_38_ri.png
ga,39,data/analysis/bhairaviTransposedIndex/plots/ga/ma_39_ri.png
ga,40,data/analysis/bhairaviTransposedIndex/plots/ga/pa_40_ri.png
ga,41,data/analysis/bhairaviTransposedIndex/plots/ga/ri_41_ma.png
ga,42,data/analysis/bhairaviTransposedIndex/plots/ga/ma_42_ri.png
ga,43,data/analysis/bhairaviTransposedIndex/plots/ga/ni_43_ri.png
ga,44,data/analysis/bhairaviTransposedIndex/plots/ga/ma_44_ri.png
ga,45,data/analysis/bhairaviTransposedIndex/plots/ga/ri_45_ma.png
ga,46,data/analysis/bhairaviTransposedIndex/plots/ga/pa_46_ma.png
ga,47,data/analysis/bhairaviTransposedIndex/plots/ga/ma_47_ri.png
ga,48,data/analysis/bhairaviTransposedIndex/plots/ga/ri_48_ma.png
ga,49,data/analysis/bhairaviTransposedIndex/plots/ga/ma_49_ri.png
ga,50,data/analysis/bhairaviTransposedIndex/plots/ga/ri_50_ma.png
ga,51,data/analysis/bhairaviTransposedIndex/plots/ga/ma_51_ri.png
ga,52,data/analysis/bhairaviTransposedIndex/plots/ga/ri_52_ma.png
ga,53,data/analysis/bhairaviTransposedIndex/plots/ga/ma_53_ri.png
ga,54,data/analysis/bhairaviTransposedIndex/plots/ga/ri_54_ma.png
ga,55,data/analysis/bhairaviTransposedIndex/plots/ga/ma_55_ri.png
ga,56,data/analysis/bhairaviTransposedIndex/plots/ga/ri_56_ma.png
ga,57,data/analysis/bhairaviTransposedIndex/plots/ga/ma_57_ri.png
ga,58,data/analysis/bhairaviTransposedIndex/plots/ga/ma_58_ri.png
ga,59,data/analysis/bhairaviTransposedIndex/plots/ga/ma_59_ri.png
ga,60,data/analysis/bhairaviTransposedIndex/plots/ga/ma_60_ri.png
ga,61,data/analysis/bhairaviTransposedIndex/plots/ga/ri_61_ma.png
ga,62,data/analysis/bhairaviTransposedIndex/plots/ga/ma_62_ri.png
ga,63,data/analysis/bhairaviTransposedIndex/plots/ga/ma_63_ri.png
ga,64,data/analysis/bhairaviTransposedIndex/plots/ga/ri_64_ma.png
ga,65,data/analysis/bhairaviTransposedIndex/plots/ga/ma_65_ri.png
ga,66,data/analysis/bhairaviTransposedIndex/plots/ga/ri_66_ma.png
ga,67,data/analysis/bhairaviTransposedIndex/plots/ga/silence_67_ma.png
ga,68,data/analysis/bhairaviTransposedIndex/plots/ga/ma_68_ri.png
ga,69,data/analysis/bhairaviTransposedIndex/plots/ga/ma_69_ri.png
ga,70,data/analysis/bhairaviTransposedIndex/plots/ga/ma_70_ri.png
ga,71,data/analysis/bhairaviTransposedIndex/plots/ga/ri_71_ma.png
ga,72,data/analysis/bhairaviTransposedIndex/plots/ga/ma_72_ri.png
ga,73,data/analysis/bhairaviTransposedIndex/plots/ga/ma_73_ri.png
ga,74,data/analysis/bhairaviTransposedIndex/plots/ga/ri_74_ma.png
ga,75,data/analysis/bhairaviTransposedIndex/plots/ga/ma_75_ri.png
ga,76,data/analysis/bhairaviTransposedIndex/plots/ga/ri_76_ma.png
ga,77,data/analysis/bhairaviTransposedIndex/plots/ga/ma_77_ri.png
ga,78,data/analysis/bhairaviTransposedIndex/plots/ga/ri_78_ma.png
ga,79,data/analysis/bhairaviTransposedIndex/plots/ga/ma_79_ri.png
ga,80,data/analysis/bhairaviTransposedIndex/plots/ga/ma_80_ri.png
ga,81,data/analysis/bhairaviTransposedIndex/plots/ga/pa_81_ri.png
ga,82,data/analysis/bhairaviTransposedIndex/plots/ga/ma_82_ri.png
ga,83,data/analysis/bhairaviTransposedIndex/plots/ga/ma_83_ri.png
ga,84,data/analysis/bhairaviTransposedIndex/plots/ga/ri_84_ma.png
ga,85,data/analysis/bhairaviTransposedIndex/plots/ga/ma_85_ri.png
ga,86,data/analysis/bhairaviTransposedIndex/plots/ga/ma_86_ri.png
ga,87,data/analysis/bhairaviTransposedIndex/plots/ga/ma_87_ri.png
ga,88,data/analysis/bhairaviTransposedIndex/plots/ga/ri_88_ma.png
ga,89,data/analysis/bhairaviTransposedIndex/plots/ga/ma_89_ri.png
ga,90,data/analysis/bhairaviTransposedIndex/plots/ga/ri_90_ma.png
ga,91,data/analysis/bhairaviTransposedIndex/plots/ga/ma_91_ri.png
ga,92,data/analysis/bhairaviTransposedIndex/plots/ga/ma_92_ri.png
ga,93,data/analysis/bhairaviTransposedIndex/plots/ga/ma_93_ri.png
ga,94,data/analysis/bhairaviTransposedIndex/plots/ga/ma_94_ri.png
ga,95,data/analysis/bhairaviTransposedIndex/plots/ga/ma_95_ri.png
ga,96,data/analysis/bhairaviTransposedIndex/plots/ga/ma_96_ri.png
ga,97,data/analysis/bhairaviTransposedIndex/plots/ga/ma_97_ri.png
ga,98,data/analysis/bhairaviTransposedIndex/plots/ga/ri_98_ma.png
ga,99,data/analysis/bhairaviTransposedIndex/plots/ga/ma_99_ri.png
ga,100,data/analysis/bhairaviTransposedIndex/plots/ga/ri_100_ma.png
ga,101,data/analysis/bhairaviTransposedIndex/plots/ga/ma_101_ri.png
ga,102,data/analysis/bhairaviTransposedIndex/plots/ga/ma_102_ri.png
ga,103,data/analysis/bhairaviTransposedIndex/plots/ga/sa_103_ma.png
ga,104,data/analysis/bhairaviTransposedIndex/plots/ga/ma_104_ri.png
ga,105,data/analysis/bhairaviTransposedIndex/plots/ga/ma_105_ri.png
ga,106,data/analysis/bhairaviTransposedIndex/plots/ga/ma_106_ri.png
ga,107,data/analysis/bhairaviTransposedIndex/plots/ga/ri_107_ma.png
ga,108,data/analysis/bhairaviTransposedIndex/plots/ga/ma_108_ri.png
ga,109,data/analysis/bhairaviTransposedIndex/plots/ga/ma_109_ri.png
ga,110,data/analysis/bhairaviTransposedIndex/plots/ga/ma_110_ri.png
ga,111,data/analysis/bhairaviTransposedIndex/plots/ga/ma_111_ri.png
ga,112,data/analysis/bhairaviTransposedIndex/plots/ga/ma_112_ri.png
ga,113,data/analysis/bhairaviTransposedIndex/plots/ga/ma_113_ri.png
ga,114,data/analysis/bhairaviTransposedIndex/plots/ga/ma_114_ri.png
ga,115,data/analysis/bhairaviTransposedIndex/plots/ga/ma_115_ma.png
ga,116,data/analysis/bhairaviTransposedIndex/plots/ga/ma_116_ri.png
ga,117,data/analysis/bhairaviTransposedIndex/plots/ga/ma_117_silence.png
ga,118,data/analysis/bhairaviTransposedIndex/plots/ga/ri_118_ma.png
ga,119,data/analysis/bhairaviTransposedIndex/plots/ga/ma_119_ri.png
ga,120,data/analysis/bhairaviTransposedIndex/plots/ga/ri_120_sa.png
ga,121,data/analysis/bhairaviTransposedIndex/plots/ga/ma_121_ri.png
ga,122,data/analysis/bhairaviTransposedIndex/plots/ga/ma_122_ri.png
ga,123,data/analysis/bhairaviTransposedIndex/plots/ga/ri_123_ma.png
ga,124,data/analysis/bhairaviTransposedIndex/plots/ga/ma_124_ma.png
ga,125,data/analysis/bhairaviTransposedIndex/plots/ga/ma_125_ri.png
ga,126,data/analysis/bhairaviTransposedIndex/plots/ga/ri_126_ma.png
ga,127,data/analysis/bhairaviTransposedIndex/plots/ga/ma_127_ri.png
ga,128,data/analysis/bhairaviTransposedIndex/plots/ga/ri_128_sa.png
ga,129,data/analysis/bhairaviTransposedIndex/plots/ga/ma_129_ri.png
ga,130,data/analysis/bhairaviTransposedIndex/plots/ga/pa_130_ri.png
ga,131,data/analysis/bhairaviTransposedIndex/plots/ga/ri_131_ma.png
ga,132,data/analysis/bhairaviTransposedIndex/plots/ga/ma_132_ri.png
ga,133,data/analysis/bhairaviTransposedIndex/plots/ga/ri_133_ma.png
ga,134,data/analysis/bhairaviTransposedIndex/plots/ga/ma_134_ri.png
ga,135,data/analysis/bhairaviTransposedIndex/plots/ga/pa_135_ri.png
ga,136,data/analysis/bhairaviTransposedIndex/plots/ga/ri_136_ma.png
ga,137,data/analysis/bhairaviTransposedIndex/plots/ga/ma_137_ri.png
ga,138,data/analysis/bhairaviTransposedIndex/plots/ga/ri_138_ma.png
ga,139,data/analysis/bhairaviTransposedIndex/plots/ga/ri_139_ma.png
ga,140,data/analysis/bhairaviTransposedIndex/plots/ga/ri_140_ma.png
ga,141,data/analysis/bhairaviTransposedIndex/plots/ga/ri_141_ma_TRANSPOSED.png
ga,142,data/analysis/bhairaviTransposedIndex/plots/ga/ma_142_ri_TRANSPOSED.png
ga,144,data/analysis/bhairaviTransposedIndex/plots/ga/pa_144_ri.png
ga,145,data/analysis/bhairaviTransposedIndex/plots/ga/ri_145_ma.png
ga,146,data/analysis/bhairaviTransposedIndex/plots/ga/ma_146_ri.png
ga,147,data/analysis/bhairaviTransposedIndex/plots/ga/ri_147_ma.png
ga,148,data/analysis/bhairaviTransposedIndex/plots/ga/ma_148_ri.png
ga,149,data/analysis/bhairaviTransposedIndex/plots/ga/ri_149_ma.png
ga,150,data/analysis/bhairaviTransposedIndex/plots/ga/ri_150_ma.png
ga,151,data/analysis/bhairaviTransposedIndex/plots/ga/pa_151_ri.png
ga,152,data/analysis/bhairaviTransposedIndex/plots/ga/ri_152_ma_TRANSPOSED.png
ga,153,data/analysis/bhairaviTransposedIndex/plots/ga/ma_153_ri_TRANSPOSED.png
ga,154,data/analysis/bhairaviTransposedIndex/plots/ga/pa_154_ri.png
ga,155,data/analysis/bhairaviTransposedIndex/plots/ga/sa_155_ri_TRANSPOSED.png
ga,156,data/analysis/bhairaviTransposedIndex/plots/ga/sa_156_ri.png
ga,157,data/analysis/bhairaviTransposedIndex/plots/ga/ma_157_ma.png
ga,158,data/analysis/bhairaviTransposedIndex/plots/ga/ma_158_ri.png
ga,159,data/analysis/bhairaviTransposedIndex/plots/ga/ri_159_ma.png
ga,160,data/analysis/bhairaviTransposedIndex/plots/ga/pa_160_ma.png
ga,161,data/analysis/bhairaviTransposedIndex/plots/ga/ma_161_ri.png
ga,162,data/analysis/bhairaviTransposedIndex/plots/ga/ma_162_ri_TRANSPOSED.png
ga,163,data/analysis/bhairaviTransposedIndex/plots/ga/ri_163_ri_TRANSPOSED.png
ga,164,data/analysis/bhairaviTransposedIndex/plots/ga/ma_164_ri.png
ga,165,data/analysis/bhairaviTransposedIndex/plots/ga/sa_165_ri_TRANSPOSED.png
ga,166,data/analysis/bhairaviTransposedIndex/plots/ga/sa_166_ri_TRANSPOSED.png
ga,167,data/analysis/bhairaviTransposedIndex/plots/ga/sa_167_ri_TRANSPOSED.png
ga,168,data/analysis/bhairaviTransposedIndex/plots/ga/sa_168_ri.png
ga,169,data/analysis/bhairaviTransposedIndex/plots/ga/ri_169_ma.png
ga,170,data/analysis/bhairaviTransposedIndex/plots/ga/ma_170_ri.png
ga,171,data/analysis/bhairaviTransposedIndex/plots/ga/ri_171_ma_TRANSPOSED.png
ga,172,data/analysis/bhairaviTransposedIndex/plots/ga/ma_172_ri_TRANSPOSED.png
ga,173,data/analysis/bhairaviTransposedIndex/plots/ga/ri_173_ri_TRANSPOSED.png
ga,174,data/analysis/bhairaviTransposedIndex/plots/ga/ri_174_ri.png
ga,175,data/analysis/bhairaviTransposedIndex/plots/ga/ma_175_ri.png
ga,176,data/analysis/bhairaviTransposedIndex/plots/ga/ri_176_ma.png
ga,177,data/analysis/bhairaviTransposedIndex/plots/ga/ma_177_ri.png
ga,178,data/analysis/bhairaviTransposedIndex/plots/ga/ma_178_ri.png
ga,179,data/analysis/bhairaviTransposedIndex/plots/ga/ri_179_ma.png
ga,180,data/analysis/bhairaviTransposedIndex/plots/ga/ma_180_silence.png
pa,0,data/analysis/bhairaviTransposedIndex/plots/pa/ma_0_ma.png
pa,1,data/analysis/bhairaviTransposedIndex/plots/pa/ma_1_ma.png
pa,2,data/analysis/bhairaviTransposedIndex/plots/pa/ma_2_ma.png
pa,3,data/analysis/bhairaviTransposedIndex/plots/pa/ma_3_ma.png
pa,4,data/analysis/bhairaviTransposedIndex/plots/pa/ma_4_dha.png
pa,5,data/analysis/bhairaviTransposedIndex/plots/pa/dha_5_ma.png
pa,6,data/analysis/bhairaviTransposedIndex/plots/pa/ma_6_ma.png
pa,7,data/analysis/bhairaviTransposedIndex/plots/pa/ma_7_dha.png
pa,8,data/analysis/bhairaviTransposedIndex/plots/pa/dha_8_ma.png
pa,9,data/analysis/bhairaviTransposedIndex/plots/pa/ma_9_ga.png
pa,10,data/analysis/bhairaviTransposedIndex/plots/pa/ma_10_dha.png
pa,11,data/analysis/bhairaviTransposedIndex/plots/pa/ma_11_ga.png
pa,12,data/analysis/bhairaviTransposedIndex/plots/pa/ma_12_dha.png
pa,13,data/analysis/bhairaviTransposedIndex/plots/pa/pa_13_ma.png
pa,14,data/analysis/bhairaviTransposedIndex/plots/pa/ma_14_ga.png
pa,15,data/analysis/bhairaviTransposedIndex/plots/pa/ma_15_dha.png
pa,16,data/analysis/bhairaviTransposedIndex/plots/pa/ma_16_dha.png
pa,17,data/analysis/bhairaviTransposedIndex/plots/pa/ma_17_ni.png
pa,18,data/analysis/bhairaviTransposedIndex/plots/pa/dha_18_ma.png
pa,19,data/analysis/bhairaviTransposedIndex/plots/pa/ma_19_ni.png
pa,20,data/analysis/bhairaviTransposedIndex/plots/pa/dha_20_ma.png
pa,21,data/analysis/bhairaviTransposedIndex/plots/pa/ma_21_ni.png
pa,22,data/analysis/bhairaviTransposedIndex/plots/pa/ma_22_dha.png
pa,23,data/analysis/bhairaviTransposedIndex/plots/pa/ma_23_ni.png
pa,24,data/analysis/bhairaviTransposedIndex/plots/pa/ma_24_dha.png
pa,25,data/analysis/bhairaviTransposedIndex/plots/pa/dha_25_ma.png
pa,26,data/analysis/bhairaviTransposedIndex/plots/pa/ma_26_ga.png
pa,27,data/analysis/bhairaviTransposedIndex/plots/pa/ga_27_ma.png
pa,28,data/analysis/bhairaviTransposedIndex/plots/pa/sa_28_sa.png
pa,29,data/analysis/bhairaviTransposedIndex/plots/pa/dha_29_ma.png
pa,30,data/analysis/bhairaviTransposedIndex/plots/pa/sa_30_ma.png
pa,31,data/analysis/bhairaviTransposedIndex/plots/pa/dha_31_ma.png
pa,32,data/analysis/bhairaviTransposedIndex/plots/pa/ma_32_ni.png
pa,33,data/analysis/bhairaviTransposedIndex/plots/pa/ma_33_dha.png
pa,34,data/analysis/bhairaviTransposedIndex/plots/pa/dha_34_ma.png
pa,35,data/analysis/bhairaviTransposedIndex/plots/pa/silence_35_dha.png
pa,36,data/analysis/bhairaviTransposedIndex/plots/pa/ma_36_ni.png
pa,37,data/analysis/bhairaviTransposedIndex/plots/pa/ma_37_dha.png
pa,38,data/analysis/bhairaviTransposedIndex/plots/pa/dha_38_ma.png
pa,39,data/analysis/bhairaviTransposedIndex/plots/pa/ma_39_ni.png
pa,40,data/analysis/bhairaviTransposedIndex/plots/pa/ma_40_dha.png
pa,41,data/analysis/bhairaviTransposedIndex/plots/pa/ma_41_ni.png
pa,42,data/analysis/bhairaviTransposedIndex/plots/pa/ma_42_dha.png
pa,43,data/analysis/bhairaviTransposedIndex/plots/pa/ma_43_silence.png
pa,44,data/analysis/bhairaviTransposedIndex/plots/pa/ma_44_ga.png
pa,45,data/analysis/bhairaviTransposedIndex/plots/pa/ga_45_ma.png
pa,46,data/analysis/bhairaviTransposedIndex/plots/pa/sa_46_ma.png
pa,47,data/analysis/bhairaviTransposedIndex/plots/pa/ma_47_dha.png
pa,48,data/analysis/bhairaviTransposedIndex/plots/pa/sa_48_sa.png
pa,49,data/analysis/bhairaviTransposedIndex/plots/pa/dha_49_ma.png
pa,50,data/analysis/bhairaviTransposedIndex/plots/pa/dha_50_ma.png
pa,51,data/analysis/bhairaviTransposedIndex/plots/pa/ga_51_ga.png
pa,52,data/analysis/bhairaviTransposedIndex/plots/pa/silence_52_ma.png
pa,53,data/analysis/bhairaviTransposedIndex/plots/pa/dha_53_ma.png
pa,54,data/analysis/bhairaviTransposedIndex/plots/pa/dha_54_ma.png
pa,55,data/analysis/bhairaviTransposedIndex/plots/pa/silence_55_dha.png
pa,56,data/analysis/bhairaviTransposedIndex/plots/pa/dha_56_ma.png
pa,57,data/analysis/bhairaviTransposedIndex/plots/pa/dha_57_ma.png
pa,58,data/analysis/bhairaviTransposedIndex/plots/pa/silence_58_ma.png
pa,59,data/analysis/bhairaviTransposedIndex/plots/pa/dha_59_ma.png
pa,60,data/analysis/bhairaviTransposedIndex/plots/pa/dha_60_ma.png
pa,61,data/analysis/bhairaviTransposedIndex/plots/pa/dha_61_ma.png
pa,62,data/analysis/bhairaviTransposedIndex/plots/pa/dha_62_ni.png
pa,63,data/analysis/bhairaviTransposedIndex/plots/pa/dha_63_ma.png
pa,64,data/analysis/bhairaviTransposedIndex/plots/pa/ma_64_dha.png
pa,65,data/analysis/bhairaviTransposedIndex/plots/pa/dha_65_ma.png
pa,66,data/analysis/bhairaviTransposedIndex/plots/pa/ma_66_ma.png
pa,67,data/analysis/bhairaviTransposedIndex/plots/pa/dha_67_ma.png
pa,68,data/analysis/bhairaviTransposedIndex/plots/pa/dha_68_ni.png
pa,69,data/analysis/bhairaviTransposedIndex/plots/pa/dha_69_ma.png
pa,70,data/analysis/bhairaviTransposedIndex/plots/pa/ma_70_ma.png
pa,71,data/analysis/bhairaviTransposedIndex/plots/pa/dha_71_ma.png
pa,72,data/analysis/bhairaviTransposedIndex/plots/pa/dha_72_dha.png
pa,73,data/analysis/bhairaviTransposedIndex/plots/pa/ma_73_ga.png
pa,74,data/analysis/bhairaviTransposedIndex/plots/pa/ma_74_sa.png
pa,75,data/analysis/bhairaviTransposedIndex/plots/pa/dha_75_ma.png
pa,76,data/analysis/bhairaviTransposedIndex/plots/pa/ma_76_ma.png
pa,77,data/analysis/bhairaviTransposedIndex/plots/pa/ma_77_ga.png
pa,78,data/analysis/bhairaviTransposedIndex/plots/pa/ma_78_sa.png
pa,79,data/analysis/bhairaviTransposedIndex/plots/pa/dha_79_ma.png
pa,80,data/analysis/bhairaviTransposedIndex/plots/pa/ma_80_ma.png
pa,81,data/analysis/bhairaviTransposedIndex/plots/pa/ma_81_dha.png
pa,82,data/analysis/bhairaviTransposedIndex/plots/pa/sa_82_dha.png
pa,83,data/analysis/bhairaviTransposedIndex/plots/pa/dha_83_ga.png
pa,84,data/analysis/bhairaviTransposedIndex/plots/pa/dha_84_dha.png
pa,85,data/analysis/bhairaviTransposedIndex/plots/pa/ma_85_ga.png
pa,86,data/analysis/bhairaviTransposedIndex/plots/pa/ma_86_ma.png
pa,87,data/analysis/bhairaviTransposedIndex/plots/pa/ma_87_sa.png
pa,88,data/analysis/bhairaviTransposedIndex/plots/pa/dha_88_ma.png
pa,89,data/analysis/bhairaviTransposedIndex/plots/pa/ma_89_ma.png
pa,90,data/analysis/bhairaviTransposedIndex/plots/pa/ma_90_dha.png
pa,91,data/analysis/bhairaviTransposedIndex/plots/pa/ma_91_ga.png
pa,92,data/analysis/bhairaviTransposedIndex/plots/pa/ma_92_ma.png
pa,93,data/analysis/bhairaviTransposedIndex/plots/pa/ma_93_dha.png
pa,94,data/analysis/bhairaviTransposedIndex/plots/pa/dha_94_ga.png
pa,95,data/analysis/bhairaviTransposedIndex/plots/pa/ma_95_dha.png
pa,96,data/analysis/bhairaviTransposedIndex/plots/pa/dha_96_ma.png
pa,97,data/analysis/bhairaviTransposedIndex/plots/pa/dha_97_ma.png
pa,98,data/analysis/bhairaviTransposedIndex/plots/pa/sa_98_ma.png
pa,99,data/analysis/bhairaviTransposedIndex/plots/pa/dha_99_ma.png
pa,100,data/analysis/bhairaviTransposedIndex/plots/pa/ma_100_ma.png
pa,101,data/analysis/bhairaviTransposedIndex/plots/pa/ma_101_ma.png
pa,102,data/analysis/bhairaviTransposedIndex/plots/pa/ma_102_ma.png
pa,103,data/analysis/bhairaviTransposedIndex/plots/pa/ma_103_dha.png
pa,104,data/analysis/bhairaviTransposedIndex/plots/pa/dha_104_ma.png
dha,0,data/analysis/bhairaviTransposedIndex/plots/dha/silence_0_ni.png
dha,1,data/analysis/bhairaviTransposedIndex/plots/dha/pa_1_ni.png
dha,2,data/analysis/bhairaviTransposedIndex/plots/dha/ni_2_pa.png
dha,3,data/analysis/bhairaviTransposedIndex/plots/dha/pa_3_ni.png
dha,4,data/analysis/bhairaviTransposedIndex/plots/dha/ni_4_pa.png
dha,5,data/analysis/bhairaviTransposedIndex/plots/dha/pa_5_ma.png
dha,6,data/analysis/bhairaviTransposedIndex/plots/dha/pa_6_ma.png
dha,7,data/analysis/bhairaviTransposedIndex/plots/dha/pa_7_ma.png
dha,8,data/analysis/bhairaviTransposedIndex/plots/dha/pa_8_ni.png
dha,9,data/analysis/bhairaviTransposedIndex/plots/dha/ni_9_pa.png
dha,10,data/analysis/bhairaviTransposedIndex/plots/dha/pa_10_ma.png
dha,11,data/analysis/bhairaviTransposedIndex/plots/dha/pa_11_ma.png
dha,12,data/analysis/bhairaviTransposedIndex/plots/dha/pa_12_ni.png
dha,13,data/analysis/bhairaviTransposedIndex/plots/dha/ni_13_pa.png
dha,14,data/analysis/bhairaviTransposedIndex/plots/dha/ni_14_ma.png
dha,15,data/analysis/bhairaviTransposedIndex/plots/dha/pa_15_pa.png
dha,16,data/analysis/bhairaviTransposedIndex/plots/dha/ni_16_ma.png
dha,17,data/analysis/bhairaviTransposedIndex/plots/dha/pa_17_pa.png
dha,18,data/analysis/bhairaviTransposedIndex/plots/dha/ni_18_ma.png
dha,19,data/analysis/bhairaviTransposedIndex/plots/dha/pa_19_pa.png
dha,20,data/analysis/bhairaviTransposedIndex/plots/dha/ni_20_ma.png
dha,21,data/analysis/bhairaviTransposedIndex/plots/dha/pa_21_pa.png
dha,22,data/analysis/bhairaviTransposedIndex/plots/dha/ni_22_ma.png
dha,23,data/analysis/bhairaviTransposedIndex/plots/dha/pa_23_pa.png
dha,24,data/analysis/bhairaviTransposedIndex/plots/dha/ni_24_pa.png
dha,25,data/analysis/bhairaviTransposedIndex/plots/dha/ni_25_pa.png
dha,26,data/analysis/bhairaviTransposedIndex/plots/dha/pa_26_pa.png
dha,27,data/analysis/bhairaviTransposedIndex/plots/dha/pa_27_ma.png
dha,28,data/analysis/bhairaviTransposedIndex/plots/dha/pa_28_pa.png
dha,29,data/analysis/bhairaviTransposedIndex/plots/dha/pa_29_ma.png
dha,30,data/analysis/bhairaviTransposedIndex/plots/dha/pa_30_pa.png
dha,31,data/analysis/bhairaviTransposedIndex/plots/dha/silence_31_pa.png
dha,32,data/analysis/bhairaviTransposedIndex/plots/dha/pa_32_ma.png
dha,33,data/analysis/bhairaviTransposedIndex/plots/dha/ni_33_ma.png
dha,34,data/analysis/bhairaviTransposedIndex/plots/dha/pa_34_pa.png
dha,35,data/analysis/bhairaviTransposedIndex/plots/dha/pa_35_ni.png
dha,36,data/analysis/bhairaviTransposedIndex/plots/dha/ni_36_pa.png
dha,37,data/analysis/bhairaviTransposedIndex/plots/dha/pa_37_pa.png
dha,38,data/analysis/bhairaviTransposedIndex/plots/dha/ni_38_pa.png
dha,39,data/analysis/bhairaviTransposedIndex/plots/dha/pa_39_pa.png
dha,40,data/analysis/bhairaviTransposedIndex/plots/dha/pa_40_pa.png
dha,41,data/analysis/bhairaviTransposedIndex/plots/dha/ni_41_pa.png
dha,42,data/analysis/bhairaviTransposedIndex/plots/dha/pa_42_pa.png
dha,43,data/analysis/bhairaviTransposedIndex/plots/dha/ni_43_pa.png
dha,44,data/analysis/bhairaviTransposedIndex/plots/dha/ni_44_pa.png
dha,45,data/analysis/bhairaviTransposedIndex/plots/dha/silence_45_pa.png
dha,46,data/analysis/bhairaviTransposedIndex/plots/dha/ni_46_pa.png
dha,47,data/analysis/bhairaviTransposedIndex/plots/dha/pa_47_pa.png
dha,48,data/analysis/bhairaviTransposedIndex/plots/dha/ni_48_pa.png
dha,49,data/analysis/bhairaviTransposedIndex/plots/dha/ni_49_pa.png
dha,50,data/analysis/bhairaviTransposedIndex/plots/dha/pa_50_pa.png
dha,51,data/analysis/bhairaviTransposedIndex/plots/dha/ni_51_pa.png
dha,52,data/analysis/bhairaviTransposedIndex/plots/dha/ni_52_pa.png
dha,53,data/analysis/bhairaviTransposedIndex/plots/dha/pa_53_ma.png
dha,54,data/analysis/bhairaviTransposedIndex/plots/dha/ni_54_pa.png
dha,55,data/analysis/bhairaviTransposedIndex/plots/dha/ni_55_ni_TRANSPOSED.png
dha,56,data/analysis/bhairaviTransposedIndex/plots/dha/ni_56_pa.png
dha,57,data/analysis/bhairaviTransposedIndex/plots/dha/pa_57_ni.png
dha,58,data/analysis/bhairaviTransposedIndex/plots/dha/ni_58_pa.png
dha,59,data/analysis/bhairaviTransposedIndex/plots/dha/ni_59_pa.png
dha,60,data/analysis/bhairaviTransposedIndex/plots/dha/ni_60_pa.png
dha,61,data/analysis/bhairaviTransposedIndex/plots/dha/pa_61_ma.png
dha,62,data/analysis/bhairaviTransposedIndex/plots/dha/ni_62_ni.png
dha,63,data/analysis/bhairaviTransposedIndex/plots/dha/pa_63_ma.png
dha,64,data/analysis/bhairaviTransposedIndex/plots/dha/pa_64_ni.png
dha,65,data/analysis/bhairaviTransposedIndex/plots/dha/ni_65_pa.png
dha,66,data/analysis/bhairaviTransposedIndex/plots/dha/ni_66_pa.png
dha,67,data/analysis/bhairaviTransposedIndex/plots/dha/pa_67_ni.png
dha,68,data/analysis/bhairaviTransposedIndex/plots/dha/ni_68_ni.png
dha,69,data/analysis/bhairaviTransposedIndex/plots/dha/ni_69_ma.png
dha,70,data/analysis/bhairaviTransposedIndex/plots/dha/pa_70_ni.png
dha,71,data/analysis/bhairaviTransposedIndex/plots/dha/ni_71_ni.png
dha,72,data/analysis/bhairaviTransposedIndex/plots/dha/ni_72_pa.png
dha,73,data/analysis/bhairaviTransposedIndex/plots/dha/pa_73_ni.png
dha,74,data/analysis/bhairaviTransposedIndex/plots/dha/ni_74_pa.png
dha,75,data/analysis/bhairaviTransposedIndex/plots/dha/ni_75_ma.png
dha,76,data/analysis/bhairaviTransposedIndex/plots/dha/pa_76_ni.png
dha,77,data/analysis/bhairaviTransposedIndex/plots/dha/ni_77_ma.png
dha,78,data/analysis/bhairaviTransposedIndex/plots/dha/pa_78_ni.png
dha,79,data/analysis/bhairaviTransposedIndex/plots/dha/ni_79_ma.png
dha,80,data/analysis/bhairaviTransposedIndex/plots/dha/pa_80_ni.png
dha,81,data/analysis/bhairaviTransposedIndex/plots/dha/ni_81_ni.png
dha,82,data/analysis/bhairaviTransposedIndex/plots/dha/ni_82_pa.png
dha,83,data/analysis/bhairaviTransposedIndex/plots/dha/pa_83_ni.png
dha,84,data/analysis/bhairaviTransposedIndex/plots/dha/ni_84_pa.png
dha,85,data/analysis/bhairaviTransposedIndex/plots/dha/ni_85_pa.png
ni,0,data/analysis/bhairaviTransposedIndex/plots/ni/silence_0_silence.png
ni,1,data/analysis/bhairaviTransposedIndex/plots/ni/dha_1_sa_TRANSPOSED.png
ni,2,data/analysis/bhairaviTransposedIndex/plots/ni/sa_2_ni.png
ni,3,data/analysis/bhairaviTransposedIndex/plots/ni/ni_3_dha.png
ni,4,data/analysis/bhairaviTransposedIndex/plots/ni/dha_4_sa_TRANSPOSED.png
ni,5,data/analysis/bhairaviTransposedIndex/plots/ni/dha_5_sa_TRANSPOSED.png
ni,6,data/analysis/bhairaviTransposedIndex/plots/ni/silence_6_sa.png
ni,7,data/analysis/bhairaviTransposedIndex/plots/ni/dha_7_sa.png
ni,8,data/analysis/bhairaviTransposedIndex/plots/ni/sa_8_dha.png
ni,9,data/analysis/bhairaviTransposedIndex/plots/ni/dha_9_sa.png
ni,10,data/analysis/bhairaviTransposedIndex/plots/ni/ni_10_dha.png
ni,11,data/analysis/bhairaviTransposedIndex/plots/ni/dha_11_sa_TRANSPOSED.png
ni,12,data/analysis/bhairaviTransposedIndex/plots/ni/ri_12_sa.png
ni,13,data/analysis/bhairaviTransposedIndex/plots/ni/sa_13_ga.png
ni,14,data/analysis/bhairaviTransposedIndex/plots/ni/sa_14_dha.png
ni,15,data/analysis/bhairaviTransposedIndex/plots/ni/dha_15_sa.png
ni,16,data/analysis/bhairaviTransposedIndex/plots/ni/sa_16_ga.png
ni,17,data/analysis/bhairaviTransposedIndex/plots/ni/ri_17_ri.png
ni,18,data/analysis/bhairaviTransposedIndex/plots/ni/ri_18_sa.png
ni,19,data/analysis/bhairaviTransposedIndex/plots/ni/sa_19_ga.png
ni,20,data/analysis/bhairaviTransposedIndex/plots/ni/dha_20_ni.png
ni,21,data/analysis/bhairaviTransposedIndex/plots/ni/sa_21_sa_TRANSPOSED.png
ni,22,data/analysis/bhairaviTransposedIndex/plots/ni/dha_22_ni.png
ni,23,data/analysis/bhairaviTransposedIndex/plots/ni/dha_23_sa.png
ni,24,data/analysis/bhairaviTransposedIndex/plots/ni/pa_24_dha.png
ni,25,data/analysis/bhairaviTransposedIndex/plots/ni/pa_25_dha.png
ni,26,data/analysis/bhairaviTransposedIndex/plots/ni/pa_26_dha.png
ni,27,data/analysis/bhairaviTransposedIndex/plots/ni/pa_27_dha.png
ni,28,data/analysis/bhairaviTransposedIndex/plots/ni/pa_28_dha.png
ni,29,data/analysis/bhairaviTransposedIndex/plots/ni/ri_29_sa.png
ni,30,data/analysis/bhairaviTransposedIndex/plots/ni/dha_30_sa.png
ni,31,data/analysis/bhairaviTransposedIndex/plots/ni/sa_31_dha.png
ni,32,data/analysis/bhairaviTransposedIndex/plots/ni/ri_32_sa.png
ni,33,data/analysis/bhairaviTransposedIndex/plots/ni/dha_33_sa.png
ni,34,data/analysis/bhairaviTransposedIndex/plots/ni/pa_34_dha.png
ni,35,data/analysis/bhairaviTransposedIndex/plots/ni/pa_35_dha.png
ni,36,data/analysis/bhairaviTransposedIndex/plots/ni/pa_36_dha.png
ni,37,data/analysis/bhairaviTransposedIndex/plots/ni/pa_37_dha.png
ni,38,data/analysis/bhairaviTransposedIndex/plots/ni/dha_38_sa.png
ni,39,data/analysis/bhairaviTransposedIndex/plots/ni/sa_39_dha.png
ni,40,data/analysis/bhairaviTransposedIndex/plots/ni/sa_40_dha.png
ni,41,data/analysis/bhairaviTransposedIndex/plots/ni/ri_41_sa.png
ni,42,data/analysis/bhairaviTransposedIndex/plots/ni/sa_42_dha.png
ni,43,data/analysis/bhairaviTransposedIndex/plots/ni/sa_43_dha.png
ni,44,data/analysis/bhairaviTransposedIndex/plots/ni/sa_44_dha.png
ni,45,data/analysis/bhairaviTransposedIndex/plots/ni/pa_45_dha.png
ni,46,data/analysis/bhairaviTransposedIndex/plots/ni/sa_46_dha.png
ni,47,data/analysis/bhairaviTransposedIndex/plots/ni/pa_47_dha.png
ni,48,data/analysis/bhairaviTransposedIndex/plots/ni/sa_48_dha.png
ni,49,data/analysis/bhairaviTransposedIndex/plots/ni/ri_49_ri.png
ni,50,data/analysis/bhairaviTransposedIndex/plots/ni/ri_50_dha.png
ni,51,data/analysis/bhairaviTransposedIndex/plots/ni/sa_51_dha.png
ni,52,data/analysis/bhairaviTransposedIndex/plots/ni/ri_52_sa.png
ni,53,data/analysis/bhairaviTransposedIndex/plots/ni/sa_53_dha.png
ni,54,data/analysis/bhairaviTransposedIndex/plots/ni/ri_54_ri.png
ni,55,data/analysis/bhairaviTransposedIndex/plots/ni/ri_55_dha.png
ni,56,data/analysis/bhairaviTransposedIndex/plots/ni/ri_56_sa.png
ni,57,data/analysis/bhairaviTransposedIndex/plots/ni/sa_57_dha.png
ni,58,data/analysis/bhairaviTransposedIndex/plots/ni/sa_58_dha.png
ni,59,data/analysis/bhairaviTransposedIndex/plots/ni/sa_59_dha.png
ni,60,data/analysis/bhairaviTransposedIndex/plots/ni/dha_60_sa.png
ni,61,data/analysis/bhairaviTransposedIndex/plots/ni/dha_61_sa.png
ni,62,data/analysis/bhairaviTransposedIndex/plots/ni/sa_62_sa.png
ni,63,data/analysis/bhairaviTransposedIndex/plots/ni/sa_63_sa_TRANSPOSED.png
ni,64,data/analysis/bhairaviTransposedIndex/plots/ni/ri_64_dha.png
ni,65,data/analysis/bhairaviTransposedIndex/plots/ni/ri_65_dha.png
ni,66,data/analysis/bhairaviTransposedIndex/plots/ni/dha_66_sa.png
ni,67,data/analysis/bhairaviTransposedIndex/plots/ni/dha_67_sa.png
ni,68,data/analysis/bhairaviTransposedIndex/plots/ni/ri_68_dha.png
ni,69,data/analysis/bhairaviTransposedIndex/plots/ni/dha_69_dha.png
ni,70,data/analysis/bhairaviTransposedIndex/plots/ni/dha_70_sa.png
ni,71,data/analysis/bhairaviTransposedIndex/plots/ni/sa_71_dha.png
ni,72,data/analysis/bhairaviTransposedIndex/plots/ni/sa_72_sa.png
ni,73,data/analysis/bhairaviTransposedIndex/plots/ni/dha_73_sa.png
ni,74,data/analysis/bhairaviTransposedIndex/plots/ni/dha_74_sa.png
